Asset,Url,Group,SubGroup,PrintFile,Name,Address,Season,Episode,Latitude,Longitude,CoordSource,Anitabi
001.jpg,https://cdn.jsdelivr.net/gh/hajisensai/kon-pilgrimage-images@main/print_frames/001.jpg,1_嵐山（渡月橋·モンキーパーク·路地）,岚山,岚山/001_嵐山.png,嵐山,京都府 京都市 右京区,S2,4,35.014282,135.677672,anitabi,https://anitabi.cn/map/3774?id=s9p7vdnd9
002.jpg,https://cdn.jsdelivr.net/gh/hajisensai/kon-pilgrimage-images@main/print_frames/002.jpg,1_嵐山（渡月橋·モンキーパーク·路地）,岚山,岚山/002_嵐山.png,嵐山,京都府 京都市 右京区 宇多野嵐山山田線,S2,4,35.014465,135.677536,anitabi,https://anitabi.cn/map/3774?id=s9p84i6l5
003.jpg,https://cdn.jsdelivr.net/gh/hajisensai/kon-pilgrimage-images@main/print_frames/003.jpg,1_嵐山（渡月橋·モンキーパーク·路地）,岚山,岚山/006_嵐山・路地B.png,嵐山・路地B,京都府 京都市 右京区,S2,8,35.018432,135.678979,anitabi,https://anitabi.cn/map/3774?id=25idmew
004.jpg,https://cdn.jsdelivr.net/gh/hajisensai/kon-pilgrimage-images@main/print_frames/004.jpg,1_嵐山（渡月橋·モンキーパーク·路地）,嵐山​モンキー​パーク​いわ​た​やま,嵐山​モンキー​パーク​いわ​た​やま/002_嵐山​モンキー​パーク​いわ​た​やま.png,嵐山​モンキー​パーク​いわ​た​やま,京都府 京都市 西京区 宇多野嵐山山田線,S2,4,35.009047,135.675231,anitabi,https://anitabi.cn/map/3774?id=s9p345e6q
005.jpg,https://cdn.jsdelivr.net/gh/hajisensai/kon-pilgrimage-images@main/print_frames/005.jpg,1_嵐山（渡月橋·モンキーパーク·路地）,嵐山​モンキー​パーク​いわ​た​やま,嵐山​モンキー​パーク​いわ​た​やま/005_嵐山​モンキー​パーク​いわ​た​やま.png,嵐山​モンキー​パーク​いわ​た​やま,京都府 京都市 西京区 宇多野嵐山山田線,S2,4,35.008968,135.674802,anitabi,https://anitabi.cn/map/3774?id=s9p3kbcan
006.jpg,https://cdn.jsdelivr.net/gh/hajisensai/kon-pilgrimage-images@main/print_frames/006.jpg,1_嵐山（渡月橋·モンキーパーク·路地）,嵐山​モンキー​パーク​いわ​た​やま,嵐山​モンキー​パーク​いわ​た​やま/006_嵐山​モンキー​パーク​いわ​た​やま.png,嵐山​モンキー​パーク​いわ​た​やま,京都府 京都市 西京区 宇多野嵐山山田線,S2,4,35.008959,135.674759,anitabi,https://anitabi.cn/map/3774?id=s9p3p9r9n
007.jpg,https://cdn.jsdelivr.net/gh/hajisensai/kon-pilgrimage-images@main/print_frames/007.jpg,1_嵐山（渡月橋·モンキーパーク·路地）,渡月橋,渡月橋/001_渡月橋.png,渡月橋,京都府 京都市 右京区 宇多野嵐山山田線,S2,4,35.013641,135.678103,anitabi,https://anitabi.cn/map/3774?id=s9p7jili4
008.jpg,https://cdn.jsdelivr.net/gh/hajisensai/kon-pilgrimage-images@main/print_frames/008.jpg,1_嵐山（渡月橋·モンキーパーク·路地）,渡月橋,渡月橋/003_渡月橋.png,渡月橋,京都府 京都市 右京区 宇多野嵐山山田線,S2,4,35.013598,135.678217,anitabi,https://anitabi.cn/map/3774?id=s9p6oz6ui
009.jpg,https://cdn.jsdelivr.net/gh/hajisensai/kon-pilgrimage-images@main/print_frames/009.jpg,2_花園会館·妙心寺,轻音少女 二期,001_清水​自転車​花園​店.png,清水​自転車​花園​店,京都府 京都市 右京区 丸太町通,S2,4,35.019695,135.720038,anitabi,https://anitabi.cn/map/3774?id=s9oqb6eje
010.jpg,https://cdn.jsdelivr.net/gh/hajisensai/kon-pilgrimage-images@main/print_frames/010.jpg,2_花園会館·妙心寺,花園会館,花園会館/001_花園会館.png,花園会館,京都府 京都市 右京区 妙心寺道,S2,4,35.020990,135.721648,anitabi,https://anitabi.cn/map/3774?id=s9opocm8q
011.jpg,https://cdn.jsdelivr.net/gh/hajisensai/kon-pilgrimage-images@main/print_frames/011.jpg,2_花園会館·妙心寺,花園会館,花園会館/002_花園会館.png,花園会館,京都府 京都市 右京区 妙心寺道,S2,4,35.021210,135.721344,anitabi,https://anitabi.cn/map/3774?id=s9opz00m8
012.jpg,https://cdn.jsdelivr.net/gh/hajisensai/kon-pilgrimage-images@main/print_frames/012.jpg,2_花園会館·妙心寺,花園会館,花園会館/003_花園会館.png,花園会館,京都府 京都市 右京区 妙心寺道,S2,4,35.020990,135.721648,手动补帧·沿用同子组点位（无独立坐标）,https://anitabi.cn/map/3774?id=s9opocm8q
013.jpg,https://cdn.jsdelivr.net/gh/hajisensai/kon-pilgrimage-images@main/print_frames/013.jpg,2_花園会館·妙心寺,花園会館,花園会館/004_花園会館.png,花園会館,京都府 京都市 右京区 妙心寺道,S2,4,35.020990,135.721648,手动补帧·沿用同子组点位（无独立坐标）,https://anitabi.cn/map/3774?id=s9opocm8q
014.jpg,https://cdn.jsdelivr.net/gh/hajisensai/kon-pilgrimage-images@main/print_frames/014.jpg,3_新京極華舞台·新京極商店街,轻音少女 二期,001_全家.png,全家,京都府 京都市 中京区 新京極通,S2,13,35.005816,135.767170,anitabi,https://anitabi.cn/map/3774?id=s9odsmwhx
015.jpg,https://cdn.jsdelivr.net/gh/hajisensai/kon-pilgrimage-images@main/print_frames/015.jpg,3_新京極華舞台·新京極商店街,MOVIX京都,MOVIX京都/001_MOVIX京都.png,MOVIX京都,京都府 京都市 中京区 新京極通,S2,,35.008235,135.767518,anitabi,https://anitabi.cn/map/3774?id=s9oauldxe
016.jpg,https://cdn.jsdelivr.net/gh/hajisensai/kon-pilgrimage-images@main/print_frames/016.jpg,3_新京極華舞台·新京極商店街,MOVIX京都,MOVIX京都/002_MOVIX京都.png,MOVIX京都,京都府 京都市 中京区 新京極通,S2,,35.008237,135.767448,anitabi,https://anitabi.cn/map/3774?id=s9ob576y0
017.jpg,https://cdn.jsdelivr.net/gh/hajisensai/kon-pilgrimage-images@main/print_frames/017.jpg,3_新京極華舞台·新京極商店街,京都市​役所,京都市​役所/001_京都市​役所.png,京都市​役所,京都府 京都市 中京区,S2,,35.011076,135.768131,anitabi,https://anitabi.cn/map/3774?id=s9oo8cks1
018.jpg,https://cdn.jsdelivr.net/gh/hajisensai/kon-pilgrimage-images@main/print_frames/018.jpg,3_新京極華舞台·新京極商店街,京都市​役所,京都市​役所/002_京都市​役所.png,京都市​役所,京都府 京都市 中京区,S2,,35.011219,135.768352,anitabi,https://anitabi.cn/map/3774?id=s9oofh36c
019.jpg,https://cdn.jsdelivr.net/gh/hajisensai/kon-pilgrimage-images@main/print_frames/019.jpg,3_新京極華舞台·新京極商店街,京都市​役所,京都市​役所/003_京都市​役所.png,京都市​役所,京都府 京都市 中京区,S2,,35.011340,135.768445,anitabi,https://anitabi.cn/map/3774?id=s9onjrljv
020.jpg,https://cdn.jsdelivr.net/gh/hajisensai/kon-pilgrimage-images@main/print_frames/020.jpg,3_新京極華舞台·新京極商店街,新京極商店街,新京極商店街/006_新京極商店街.png,新京極商店街,京都府 京都市 下京区 四条通,S1,2,35.003692,135.767186,anitabi,https://anitabi.cn/map/1424?id=s9sdli13j
021.jpg,https://cdn.jsdelivr.net/gh/hajisensai/kon-pilgrimage-images@main/print_frames/021.jpg,3_新京極華舞台·新京極商店街,新京極商店街,新京極商店街/007_新京極商店街.png,新京極商店街,京都府 京都市 下京区 寺町通,S1,2,35.003788,135.766845,anitabi,https://anitabi.cn/map/1424?id=s9sdg3sd6
022.jpg,https://cdn.jsdelivr.net/gh/hajisensai/kon-pilgrimage-images@main/print_frames/022.jpg,3_新京極華舞台·新京極商店街,新京極商店街,新京極商店街/008_新京極商店街.png,新京極商店街,京都府 京都市 下京区 寺町通,S1,2,35.003781,135.766809,anitabi,https://anitabi.cn/map/1424?id=s9sdusecv
023.jpg,https://cdn.jsdelivr.net/gh/hajisensai/kon-pilgrimage-images@main/print_frames/023.jpg,3_新京極華舞台·新京極商店街,新京極商店街,新京極商店街/009_新京極商店街.png,新京極商店街,京都府 京都市 下京区 寺町通,S1,2,35.003754,135.766798,anitabi,https://anitabi.cn/map/1424?id=s9sd540bs
024.jpg,https://cdn.jsdelivr.net/gh/hajisensai/kon-pilgrimage-images@main/print_frames/024.jpg,3_新京極華舞台·新京極商店街,新京極華舞台,新京極華舞台/001_新京極華舞台.png,新京極華舞台,京都府 京都市 中京区 新京極通,S2,,35.007330,135.767267,anitabi,https://anitabi.cn/map/3774?id=s9od25ti1
025.jpg,https://cdn.jsdelivr.net/gh/hajisensai/kon-pilgrimage-images@main/print_frames/025.jpg,3_新京極華舞台·新京極商店街,新京極華舞台,新京極華舞台/003_新京極華舞台.png,新京極華舞台,京都府 京都市 中京区 新京極通,S2,,35.007335,135.767212,anitabi,https://anitabi.cn/map/3774?id=s9oddy226
026.jpg,https://cdn.jsdelivr.net/gh/hajisensai/kon-pilgrimage-images@main/print_frames/026.jpg,3_新京極華舞台·新京極商店街,西木屋町通,西木屋町通/003_西木屋町通.png,西木屋町通,京都府 京都市 中京区 南大黒橋通,S1,14,35.008046,135.770142,anitabi,https://anitabi.cn/map/1424?id=s9o7nrxv3
027.jpg,https://cdn.jsdelivr.net/gh/hajisensai/kon-pilgrimage-images@main/print_frames/027.jpg,3_新京極華舞台·新京極商店街,西木屋町通,西木屋町通/004_西木屋町通.png,西木屋町通,京都府 京都市 中京区 西木屋町通,S1,14,35.008054,135.770313,anitabi,https://anitabi.cn/map/1424?id=s9o7bk8tj
028.jpg,https://cdn.jsdelivr.net/gh/hajisensai/kon-pilgrimage-images@main/print_frames/028.jpg,4_北野天満宮,北野天满宫,北野天满宫/002_北野天満宮.png,北野天満宮,京都府 京都市 上京区 御前通,S2,4,35.031013,135.735177,anitabi,https://anitabi.cn/map/3774?id=s9oxaiekq
029.jpg,https://cdn.jsdelivr.net/gh/hajisensai/kon-pilgrimage-images@main/print_frames/029.jpg,4_北野天満宮,北野天满宫,北野天满宫/003_北野天満宮.png,北野天満宮,京都府 京都市 北区 桜橋,S2,,35.031551,135.734883,anitabi,https://anitabi.cn/map/3774?id=s9oxqiiux
030.jpg,https://cdn.jsdelivr.net/gh/hajisensai/kon-pilgrimage-images@main/print_frames/030.jpg,4_北野天満宮,北野天满宫,北野天满宫/004_北野天満宮.png,北野天満宮,京都府 京都市 上京区 御前通,S2,4,35.030306,135.735365,anitabi,https://anitabi.cn/map/3774?id=s9owwemd8
031.jpg,https://cdn.jsdelivr.net/gh/hajisensai/kon-pilgrimage-images@main/print_frames/031.jpg,4_北野天満宮,北野天满宫,北野天满宫/006_北野天満宮.png,北野天満宮,京都府 京都市 上京区 御前通,S2,4,35.030219,135.735312,anitabi,https://anitabi.cn/map/3774?id=s9owqj71a
032.jpg,https://cdn.jsdelivr.net/gh/hajisensai/kon-pilgrimage-images@main/print_frames/032.jpg,4_北野天満宮,北野天满宫,北野天满宫/007_北野天満宮.png,北野天満宮,京都府 京都市 上京区 御前通,S2,4,35.029940,135.735312,anitabi,https://anitabi.cn/map/3774?id=s9ovqxo1c
033.jpg,https://cdn.jsdelivr.net/gh/hajisensai/kon-pilgrimage-images@main/print_frames/033.jpg,4_北野天満宮,北野天满宫,北野天满宫/008_北野天満宮.png,北野天満宮,京都府 京都市 上京区 御前通,S2,4,35.029352,135.735381,anitabi,https://anitabi.cn/map/3774?id=s9ou29krl
034.jpg,https://cdn.jsdelivr.net/gh/hajisensai/kon-pilgrimage-images@main/print_frames/034.jpg,4_北野天満宮,北野天满宫,北野天满宫/009_北野天満宮.png,北野天満宮,京都府 京都市 上京区 御前通,S2,4,35.028208,135.735735,anitabi,https://anitabi.cn/map/3774?id=s9ouv4w1o
035.jpg,https://cdn.jsdelivr.net/gh/hajisensai/kon-pilgrimage-images@main/print_frames/035.jpg,5_金閣寺,金阁寺,金阁寺/002_金阁寺.png,金阁寺,京都府 京都市 北区,S2,4,35.039900,135.729462,anitabi,https://anitabi.cn/map/3774?id=s9oqzsyqa
036.jpg,https://cdn.jsdelivr.net/gh/hajisensai/kon-pilgrimage-images@main/print_frames/036.jpg,5_金閣寺,金阁寺,金阁寺/003_金阁寺.png,金阁寺,京都府 京都市 北区,S2,4,35.039928,135.729394,anitabi,https://anitabi.cn/map/3774?id=s9os0f47q
037.jpg,https://cdn.jsdelivr.net/gh/hajisensai/kon-pilgrimage-images@main/print_frames/037.jpg,5_金閣寺,金阁寺,金阁寺/004_金阁寺.png,金阁寺,京都府 京都市 北区,S2,4,35.039068,135.730213,anitabi,https://anitabi.cn/map/3774?id=s9orvsm6j
038.jpg,https://cdn.jsdelivr.net/gh/hajisensai/kon-pilgrimage-images@main/print_frames/038.jpg,5_金閣寺,金阁寺,金阁寺/006_金阁寺.png,金阁寺,京都府 京都市 北区,S2,4,35.039183,135.727785,anitabi,https://anitabi.cn/map/3774?id=s9oqrsxqq
039.jpg,https://cdn.jsdelivr.net/gh/hajisensai/kon-pilgrimage-images@main/print_frames/039.jpg,6_豊郷小学校旧校舎群·豊郷駅,豐鄉小学校1F,豐鄉小学校1F/004_豊郷小学校1F.png,豊郷小学校1F,滋賀県 豊郷町 八目 安食西八目線,S1,,35.203373,136.232803,anitabi,https://anitabi.cn/map/1424?id=s9mr42rlm
040.jpg,https://cdn.jsdelivr.net/gh/hajisensai/kon-pilgrimage-images@main/print_frames/040.jpg,6_豊郷小学校旧校舎群·豊郷駅,豐鄉小学校3F,豐鄉小学校3F/026_豊郷小学校3F.png,豊郷小学校3F,滋賀県 豊郷町 八目 安食西八目線,S1,,35.203361,136.232974,anitabi,https://anitabi.cn/map/1424?id=s9mf2ruco
041.jpg,https://cdn.jsdelivr.net/gh/hajisensai/kon-pilgrimage-images@main/print_frames/041.jpg,6_豊郷小学校旧校舎群·豊郷駅,豐鄉小学校（室外）,豐鄉小学校（室外）/015_豊郷小学校（室外）.png,豊郷小学校（室外）,滋賀県 豊郷町 八目 安食西八目線,S1,,35.203386,136.232674,anitabi,https://anitabi.cn/map/1424?id=s9nal5t6b
042.jpg,https://cdn.jsdelivr.net/gh/hajisensai/kon-pilgrimage-images@main/print_frames/042.jpg,6_豊郷小学校旧校舎群·豊郷駅,豐鄉小学校（室外）,豐鄉小学校（室外）/023_豊郷小学校（室外）.png,豊郷小学校（室外）,滋賀県 豊郷町 八目 安食西八目線,S1,,35.203266,136.232525,anitabi,https://anitabi.cn/map/1424?id=s9nglumpp
043.jpg,https://cdn.jsdelivr.net/gh/hajisensai/kon-pilgrimage-images@main/print_frames/043.jpg,6_豊郷小学校旧校舎群·豊郷駅,豐鄉小学校（室外）,豐鄉小学校（室外）/024_豊郷小学校（室外）.png,豊郷小学校（室外）,滋賀県 豊郷町 八目 安食西八目線,S1,,35.203332,136.232298,anitabi,https://anitabi.cn/map/1424?id=s9nb38pp6
044.jpg,https://cdn.jsdelivr.net/gh/hajisensai/kon-pilgrimage-images@main/print_frames/044.jpg,6_豊郷小学校旧校舎群·豊郷駅,豐鄉小学校（室外）,豐鄉小学校（室外）/032_豊郷小学校（室外）.png,豊郷小学校（室外）,滋賀県 豊郷町 八目 安食西八目線,S1,1,35.203815,136.232094,anitabi,https://anitabi.cn/map/1424?id=s9nijut9a
045.jpg,https://cdn.jsdelivr.net/gh/hajisensai/kon-pilgrimage-images@main/print_frames/045.jpg,6_豊郷小学校旧校舎群·豊郷駅,豐鄉小学校（礼堂）,豐鄉小学校（礼堂）/002_豊郷小学校.png,豊郷小学校,滋賀県 豊郷町 八目 安食西八目線,S1,,35.203117,136.232395,anitabi,https://anitabi.cn/map/1424?id=s9n38r4jb
046.jpg,https://cdn.jsdelivr.net/gh/hajisensai/kon-pilgrimage-images@main/print_frames/046.jpg,6_豊郷小学校旧校舎群·豊郷駅,豐鄉小学校（礼堂）,豐鄉小学校（礼堂）/009_豊郷小学校礼堂｜豊郷小学校1F.png,豊郷小学校礼堂｜豊郷小学校1F,滋賀県 豊郷町 八目 安食西八目線,S1,,35.203084,136.232164,anitabi,https://anitabi.cn/map/1424?id=s9n2hk0as
